Unnamed: 0,0
0,1.0
1,0.9940828402366864
2,1.0
3,0.9837278106508875
4,0.9940828402366864
5,1.0
6,0.9970414201183432
7,0.9985207100591716
8,1.0
