Unnamed: 0,0
0,0.9933333333333332
1,0.9973333333333332
2,0.9946666666666668
3,0.992
4,0.996
5,0.988
6,0.9986666666666668
7,0.9933333333333332
8,0.9973333333333332
