Unnamed: 0,0
0,0.9952153110047848
1,0.9880382775119616
2,0.9952153110047848
3,0.9880382775119616
4,1.0
5,0.9976076555023924
6,0.985645933014354
7,0.9952153110047848
8,0.9880382775119616
