Unnamed: 0,0
0,0.9880382775119616
1,0.9832535885167464
2,0.9832535885167464
3,0.992822966507177
4,0.985645933014354
5,0.985645933014354
6,0.9760765550239234
7,0.9904306220095692
8,0.9832535885167464
