Unnamed: 0,0
0,1.0
1,0.985645933014354
2,0.985645933014354
3,0.985645933014354
4,0.9976076555023924
5,0.9880382775119616
6,0.992822966507177
7,0.9832535885167464
8,0.985645933014354
