Unnamed: 0,0
0,0.9947368421052633
1,1.0
2,0.9921052631578948
3,1.0
4,0.9894736842105264
5,0.9947368421052633
6,0.9921052631578948
7,1.0
8,0.9973684210526316
