Unnamed: 0,0
0,1.0
1,0.9952153110047848
2,0.992822966507177
3,0.9904306220095692
4,0.9976076555023924
5,0.992822966507177
6,0.992822966507177
7,0.9880382775119616
8,0.9976076555023924
