Unnamed: 0,0
0,0.9907407407407408
1,0.9986772486772488
2,0.9973544973544972
3,1.0
4,0.9933862433862434
5,0.996031746031746
6,1.0
7,0.9986772486772488
8,0.9986772486772488
