Unnamed: 0,0
0,0.9786096256684492
1,0.9933155080213903
2,0.9973262032085559
3,0.9906417112299464
4,0.9973262032085559
5,0.9852941176470588
6,0.9919786096256684
7,0.9959893048128342
8,0.9799465240641712
