Unnamed: 0,0
0,0.9832535885167464
1,0.9808612440191388
2,0.9760765550239234
3,0.992822966507177
4,0.9880382775119616
5,0.9832535885167464
6,0.9712918660287081
7,0.985645933014354
8,0.985645933014354
