Unnamed: 0,0
0,1.0
1,0.9918256130790192
2,0.9931880108991824
3,0.989100817438692
4,0.9931880108991824
5,0.9986376021798364
6,0.994550408719346
7,0.9931880108991824
8,0.9959128065395096
