Unnamed: 0,0
0,0.9946666666666668
1,1.0
2,0.9973333333333332
3,0.9986666666666668
4,1.0
5,1.0
6,0.9986666666666668
7,0.9986666666666668
8,0.9986666666666668
