Unnamed: 0,0
0,0.985645933014354
1,0.9904306220095692
2,1.0
3,0.9976076555023924
4,0.992822966507177
5,0.9880382775119616
6,0.992822966507177
7,0.9952153110047848
8,0.9952153110047848
