Unnamed: 0,0
0,1.0
1,0.9947368421052633
2,0.9947368421052633
3,0.9973684210526316
4,1.0
5,0.9973684210526316
6,0.9973684210526316
7,1.0
8,1.0
