Unnamed: 0,0
0,0.9985207100591716
1,0.9985207100591716
2,0.9955621301775148
3,0.9985207100591716
4,0.9985207100591716
5,0.9985207100591716
6,0.9955621301775148
7,0.9985207100591716
8,1.0
