Unnamed: 0,0
0,0.997275204359673
1,0.994550408719346
2,0.9986376021798364
3,0.9959128065395096
4,0.9959128065395096
5,1.0
6,0.997275204359673
7,0.994550408719346
8,0.997275204359673
