Unnamed: 0,0
0,0.9822695035460992
1,0.9645390070921984
2,0.9858156028368794
3,0.9539007092198579
4,0.9751773049645392
5,0.9574468085106383
6,0.9858156028368794
7,0.9645390070921984
8,0.9822695035460992
