Unnamed: 0,0
0,0.9897660818713452
1,0.9912280701754386
2,0.9912280701754386
3,0.986842105263158
4,0.9883040935672516
5,0.9926900584795322
6,0.9970760233918128
7,0.9912280701754386
8,0.9926900584795322
