Unnamed: 0,0
0,1.0
1,0.9986666666666668
2,1.0
3,0.9973333333333332
4,1.0
5,0.9986666666666668
6,0.996
7,0.9986666666666668
8,0.996
