Unnamed: 0,0
0,0.996
1,0.9986666666666668
2,0.996
3,0.9986666666666668
4,0.996
5,0.9986666666666668
6,0.996
7,0.9946666666666668
8,0.9946666666666668
