Unnamed: 0,0
0,1.0
1,1.0
2,0.9822695035460992
3,0.9893617021276596
4,0.99645390070922
5,0.9858156028368794
6,0.9858156028368794
7,0.9929078014184396
8,0.9858156028368794
