Unnamed: 0,0
0,0.997275204359673
1,0.9904632152588556
2,0.9959128065395096
3,0.9822888283378748
4,0.9931880108991824
5,0.9959128065395096
6,0.994550408719346
7,0.997275204359673
8,0.9904632152588556
