Unnamed: 0,0
0,1.0
1,0.9985207100591716
2,0.9985207100591716
3,0.9970414201183432
4,0.9970414201183432
5,0.9985207100591716
6,0.9985207100591716
7,0.9985207100591716
8,1.0
