Unnamed: 0,0
0,0.997275204359673
1,0.997275204359673
2,0.9986376021798364
3,0.9959128065395096
4,0.989100817438692
5,0.9986376021798364
6,0.9931880108991824
7,0.9986376021798364
8,0.9918256130790192
