Unnamed: 0,0
0,1.0
1,0.9985207100591716
2,0.9970414201183432
3,1.0
4,0.9955621301775148
5,1.0
6,0.9985207100591716
7,0.9985207100591716
8,0.9985207100591716
