Unnamed: 0,0
0,0.992822966507177
1,0.9976076555023924
2,0.9952153110047848
3,1.0
4,0.9952153110047848
5,0.9976076555023924
6,0.9880382775119616
7,0.9952153110047848
8,0.9904306220095692
