Unnamed: 0,0
0,1.0
1,0.9986772486772488
2,0.9986772486772488
3,0.9973544973544972
4,1.0
5,0.9973544973544972
6,0.9973544973544972
7,0.9986772486772488
8,0.996031746031746
