Unnamed: 0,0
0,0.996
1,0.9986666666666668
2,0.9986666666666668
3,1.0
4,1.0
5,0.9973333333333332
6,0.9973333333333332
7,0.9973333333333332
8,0.996
