Unnamed: 0,0
0,0.9946524064171124
1,0.9973262032085559
2,0.9973262032085559
3,0.9946524064171124
4,0.998663101604278
5,0.998663101604278
6,0.9933155080213903
7,0.9959893048128342
8,0.9893048128342246
