Unnamed: 0,0
0,0.9973684210526316
1,0.9973684210526316
2,1.0
3,1.0
4,1.0
5,1.0
6,0.9973684210526316
7,1.0
8,0.9973684210526316
