Unnamed: 0,0
0,0.9959128065395096
1,0.9850136239782016
2,0.9863760217983653
3,0.994550408719346
4,0.997275204359673
5,0.9904632152588556
6,0.9904632152588556
7,0.9959128065395096
8,0.9931880108991824
