Unnamed: 0,0
0,0.9863760217983653
1,0.994550408719346
2,0.9931880108991824
3,0.994550408719346
4,0.989100817438692
5,0.994550408719346
6,0.9850136239782016
7,0.994550408719346
8,0.997275204359673
