Unnamed: 0,0
0,0.9973262032085559
1,0.998663101604278
2,0.998663101604278
3,0.9933155080213903
4,0.998663101604278
5,0.998663101604278
6,0.9919786096256684
7,0.9946524064171124
8,0.9973262032085559
