Unnamed: 0,0
0,0.9952153110047848
1,0.9952153110047848
2,0.9952153110047848
3,0.9952153110047848
4,0.9904306220095692
5,0.9952153110047848
6,0.9952153110047848
7,0.9976076555023924
8,0.992822966507177
