Unnamed: 0,0
0,0.9933155080213903
1,0.9959893048128342
2,0.9946524064171124
3,0.9973262032085559
4,0.9959893048128342
5,0.9959893048128342
6,0.9959893048128342
7,0.9933155080213903
8,0.9933155080213903
